<?xml version="1.0" encoding="UTF-8"?>
<!DOCTYPE configuration PUBLIC "-//mybatis.org//DTD Config 3.0//EN" "HTTP://mybatis.org/dtd/mybatis-3-config.dtd">

<configuration>
	<settings>
		<setting name="cacheEnabled" value="false" />
		<setting name="useGeneratedKeys" value="true" />
		<setting name="defaultExecutorType" value="REUSE" />
	</settings>
	
	<!-- 별명 -->
	<typeAliases>
         <typeAlias alias="hashMap" type="java.util.HashMap" />
         <typeAlias alias="map" type="java.util.Map" />
    </typeAliases>	
 
<!--
	<mappers>
		<mapper resource="classpath:/mybatis/mapper/tempMapper.xml" />
	</mappers>
-->
</configuration>
